First Name,Last Name,Zip Code
Cristie,Alford,65989
Benjamin,Bishop,40581
Zulma,Bonouvrie,35052
Jasper,Bray,52591
Marlin,Carr,41506
Katia,de Loos,29625
Sofia,Dickie,48295
Deidra,Drinhuijzen,13644
Gerry,Emerson,78921
Doretha,Hudson,72242
Ed,Kootstra,03303
Delfina,Pierce,36170
Anibal,Robertson,57052
Elene,Rocha,05730
Verena,Stamhuis,91573
Cornelius,Torres,46312
Gayle,Tyler,92876
Jenine,Wagner,20517
Chere,Weeks,79987
Fletcher,Zuniga,40478
