First Name,Last Name,Zip Code
Verena,Stamhuis,91573
Marlin,Carr,41506
Gerry,Emerson,78921
Jenine,Wagner,20517
Jasper,Bray,52591
Gayle,Tyler,92876
Zulma,Bonouvrie,35052
Ed,Kootstra,03303
Sofia,Dickie,48295
Doretha,Hudson,72242
Cristie,Alford,65989
Katia,de Loos,29625
Benjamin,Bishop,40581
Deidra,Drinhuijzen,13644
Elene,Rocha,05730
Anibal,Robertson,57052
Delfina,Pierce,36170
Chere,Weeks,79987
Cornelius,Torres,46312
Fletcher,Zuniga,40478